{
  "columns": [
    "OPEN_INT",
    "SYMBOL",
    "CLOSE",
    "%_OI_change",
    "Quantity/Trades",
    "%_Price_change",
    "OI_Trend"
  ],
  "index": [
    0, 1, 2, 3, 4, 5, 6, 7, 8, 9, 10, 11, 12, 13, 14, 15, 16, 17, 18, 19, 20,
    21, 22, 23, 24, 25, 26, 27, 28, 29, 30, 31, 32, 33, 34, 35, 36, 37, 38, 39,
    40, 41, 42, 43, 44, 45, 46, 47, 48, 49
  ],
  "data": [
    [
      75592500,
      "ADANIPORTS",
      837.8,
      -0.1868571618,
      6095.0655213493,
      -0.5165350591,
      "Long Cover Up"
    ],
    [
      1768750,
      "APOLLOHOSP",
      4277.15,
      -0.1908127208,
      1116.2774725275,
      -1.0583173333,
      "Long Cover Up"
    ],
    [
      5685000,
      "ASIANPAINT",
      3446.55,
      -0.8654353562,
      1352.1167326308,
      1.6201792664,
      "Short Covering"
    ],
    [
      44970000,
      "AXISBANK",
      744.15,
      0.0933955971,
      4920.776166828,
      -0.9780439122,
      "Short Build Up"
    ],
    [
      1937000,
      "BAJAJ-AUTO",
      4076.3,
      3.8332472896,
      1398.2728369339,
      -0.2093100114,
      "Short Build Up"
    ],
    [
      838550,
      "BAJAJFINSV",
      17406.4,
      12.9867032377,
      643.311956893,
      2.6190665688,
      "Long Build Up"
    ],
    [
      4429500,
      "BAJFINANCE",
      7181.3,
      0.2060051925,
      1050.4995439103,
      -1.7101796407,
      "Short Build Up"
    ],
    [
      44047700,
      "BHARTIARTL",
      735.05,
      2.5881033516,
      7506.0347934966,
      1.1629507294,
      "Long Build Up"
    ],
    [
      14288400,
      "BPCL",
      331.35,
      -2.2801713278,
      5720.6418437309,
      0.8215426746,
      "Short Covering"
    ],
    [
      1546800,
      "BRITANNIA",
      3718.15,
      -2.2498060512,
      805.0724822949,
      -0.7898072177,
      "Long Cover Up"
    ],
    [
      7428200,
      "CIPLA",
      1023.0,
      -0.7525376269,
      2828.8878608438,
      -1.4877943088,
      "Long Cover Up"
    ],
    [
      31428600,
      "COALINDIA",
      230.3,
      -3.3409060537,
      10371.1744039075,
      -1.9165247019,
      "Long Cover Up"
    ],
    [
      3230100,
      "DIVISLAB",
      3599.2,
      2.1593758707,
      779.2755787901,
      -0.7623695493,
      "Short Build Up"
    ],
    [
      1886375,
      "DRREDDY",
      4202.1,
      7.4150155722,
      940.4785558173,
      -1.0117666459,
      "Short Build Up"
    ],
    [
      3196900,
      "EICHERMOT",
      3411.6,
      -1.5655791548,
      1387.3663852808,
      1.5735020469,
      "Short Covering"
    ],
    [
      8391350,
      "GRASIM",
      1685.0,
      1.9132797464,
      2408.3261211297,
      0.3782801656,
      "Long Build Up"
    ],
    [
      20449800,
      "HCLTECH",
      926.05,
      1.5574724447,
      3344.755704014,
      -1.3738750732,
      "Short Build Up"
    ],
    [
      18432900,
      "HDFC",
      2404.2,
      1.2873720359,
      2074.9295871876,
      -1.7249836494,
      "Short Build Up"
    ],
    [
      59362050,
      "HDFCBANK",
      1472.15,
      1.4620451955,
      6153.3215044962,
      -0.9386986071,
      "Short Build Up"
    ],
    [
      22434500,
      "HDFCLIFE",
      575.6,
      1.8043638147,
      3720.514405046,
      0.0695410292,
      "Long Build Up"
    ],
    [
      3410700,
      "HEROMOTOCO",
      2876.65,
      -0.2990588442,
      1021.7071922815,
      1.3725904782,
      "Short Covering"
    ],
    [
      25389350,
      "HINDALCO",
      421.95,
      9.7722076382,
      8823.7700196597,
      -3.8838268793,
      "Short Build Up"
    ],
    [
      9051000,
      "HINDUNILVR",
      2606.0,
      -0.2916804773,
      1710.1356238698,
      -2.0245502566,
      "Long Cover Up"
    ],
    [
      84484125,
      "ICICIBANK",
      874.35,
      -2.185765669,
      4342.2898947081,
      -1.4594838273,
      "Long Cover Up"
    ],
    [
      21389400,
      "INDUSINDBK",
      1111.4,
      0.3618614828,
      2456.8525523178,
      0.3566752449,
      "Long Build Up"
    ],
    [
      38200200,
      "INFY",
      1464.2,
      3.2685692745,
      2544.5908013929,
      -1.9257175391,
      "Short Build Up"
    ],
    [
      76428800,
      "ITC",
      317.6,
      5.2503768213,
      8055.7827883797,
      -0.9048361934,
      "Short Build Up"
    ],
    [
      34550550,
      "JSWSTEEL",
      661.6,
      -1.1721955222,
      5615.0957106201,
      -0.7947218474,
      "Long Cover Up"
    ],
    [
      18295200,
      "KOTAKBANK",
      1902.85,
      4.7422274695,
      2390.4661811323,
      -0.65780887,
      "Short Build Up"
    ],
    [
      9387600,
      "LT",
      1912.95,
      3.9818483958,
      2367.4962106525,
      -0.4967490247,
      "Short Build Up"
    ],
    [
      11306400,
      "M&M",
      1312.05,
      0.9348687469,
      2922.7902245172,
      0.255979216,
      "Long Build Up"
    ],
    [
      4123200,
      "MARUTI",
      9024.5,
      1.0598564222,
      844.1333725866,
      -0.6358556525,
      "Short Build Up"
    ],
    [
      312000,
      "NESTLEIND",
      19732.95,
      2.6025641026,
      318.4388593523,
      -0.9680891907,
      "Short Build Up"
    ],
    [
      98085600,
      "NTPC",
      160.7,
      3.6378428638,
      16595.0126564959,
      -2.012195122,
      "Short Build Up"
    ],
    [
      51817150,
      "ONGC",
      134.7,
      1.3299650791,
      16761.2196990289,
      -2.8138528139,
      "Short Build Up"
    ],
    [
      42492600,
      "POWERGRID",
      226.1,
      0.7307154658,
      13114.676928823,
      -1.5243902439,
      "Short Build Up"
    ],
    [
      36406000,
      "RELIANCE",
      2560.4,
      11.8833434049,
      2652.4430305935,
      -2.9397827859,
      "Short Build Up"
    ],
    [
      6177000,
      "SBILIFE",
      1296.55,
      7.8678970374,
      2535.9572436541,
      -2.4490256565,
      "Short Build Up"
    ],
    [
      50608500,
      "SBIN",
      533.3,
      2.3118646077,
      7646.0868807419,
      0.3858823529,
      "Long Build Up"
    ],
    [
      290375,
      "SHREECEM",
      21586.15,
      3.8743004735,
      269.3591350674,
      -2.2060788924,
      "Short Build Up"
    ],
    [
      23046100,
      "SUNPHARMA",
      871.85,
      0.619627616,
      3393.8398475839,
      -2.3738872404,
      "Short Build Up"
    ],
    [
      8275500,
      "TATACONSUM",
      838.4,
      6.481783578,
      4397.1555448872,
      3.5509170629,
      "Long Build Up"
    ],
    [
      57970425,
      "TATAMOTORS",
      466.9,
      5.1154101423,
      7794.3498186096,
      -0.8915304606,
      "Short Build Up"
    ],
    [
      219971500,
      "TATASTEEL",
      106.4,
      3.8486803972,
      24283.4739132448,
      -1.7543859649,
      "Short Build Up"
    ],
    [
      12210450,
      "TCS",
      3131.7,
      5.3634386939,
      1350.3028434161,
      -2.474191489,
      "Short Build Up"
    ],
    [
      17451000,
      "TECHM",
      1052.9,
      4.9853876569,
      5875.5675810761,
      -2.1559334634,
      "Short Build Up"
    ],
    [
      4510500,
      "TITAN",
      2622.0,
      -4.3066178916,
      1433.0536929469,
      0.6661163688,
      "Short Covering"
    ],
    [
      1849600,
      "ULTRACEMCO",
      6632.5,
      -0.3892733564,
      853.1145078636,
      -0.6791107916,
      "Long Cover Up"
    ],
    [
      21391500,
      "UPL",
      756.45,
      2.2424794895,
      3756.1029287286,
      -1.663958401,
      "Short Build Up"
    ],
    [
      41451000,
      "WIPRO",
      410.45,
      2.3980121107,
      3258.8455004731,
      -0.7496070608,
      "Short Build Up"
    ]
  ]
}
